name,email,phone
Ratliff Macdonald,ratliffmacdonald@zolarity.com,+1 (912) 445-2235
Arnold Castaneda,arnoldcastaneda@zolarity.com,+1 (835) 462-3358
Pope Clayton,popeclayton@zolarity.com,+1 (996) 512-2355
Patrice Curtis,patricecurtis@zolarity.com,+1 (989) 495-2477
Cora Blackburn,corablackburn@zolarity.com,+1 (937) 531-3046
Louella Russell,louellarussell@zolarity.com,+1 (997) 410-3892
Luna Decker,lunadecker@zolarity.com,+1 (982) 569-3624
Cole Hicks,colehicks@zolarity.com,+1 (945) 403-3546
Guthrie Baldwin,guthriebaldwin@zolarity.com,+1 (985) 501-2452
Holder Walter,holderwalter@zolarity.com,+1 (866) 482-2978
Ashley Trevino,ashleytrevino@zolarity.com,+1 (936) 468-3157
Sharp Norris,sharpnorris@zolarity.com,+1 (839) 578-2865
Frazier Miranda,fraziermiranda@zolarity.com,+1 (961) 573-3613
Bradford Hines,bradfordhines@zolarity.com,+1 (840) 566-3936
Gillespie Collins,gillespiecollins@zolarity.com,+1 (973) 502-2820
Allie Bell,alliebell@zolarity.com,+1 (827) 523-3773